Sequence,Non-AMP score,AMP score,Size,BomanI,NetCharge,HydrophobicRatio,HydrophobicMoment,Aliphatic,InstaIndex,IsoelectricPoint
VRLRIRVAVIRK,0.008357735,0.99164224,12,3.045,4.989,0.5833333333333334,0.07678635286916272,178.33333333333331,25.21666666666667,12.58447265625
VQLRAIRVRVIR,0.023540635,0.9764594,12,3.044166666666667,3.99,0.5833333333333334,0.2551197686499418,178.33333333333331,25.21666666666667,12.57763671875
GICRCICGRKICRCICGR,0.00075928215,0.99924076,18,1.9472222222222217,4.065,0.5555555555555556,0.10999999999999996,86.66666666666666,0.011111111111110876,8.74169921875
GVCRCICGRGVCRCICGR,0.00016749876,0.9998325,18,1.6844444444444442,3.066,0.5555555555555556,4.194629368766147e-17,75.55555555555554,4.727777777777778,8.40966796875
VQLRIRVAVIRA,0.015226876,0.9847731,12,1.6500000000000001,2.99,0.6666666666666666,0.24865946309815315,186.66666666666663,25.21666666666667,12.4013671875
GICRCICGKGICRCYCGR,9.210797e-05,0.999908,18,1.3472222222222223,3.063,0.5,0.1030342146217268,64.99999999999999,-9.422222222222222,8.40234375
KFFKKFFKKFFKKFFKKFFKKFFKKFFK,0.0072461227,0.99275386,28,1.2850000000000001,13.982,0.5,0.27793197861287505,0.0,-27.932142857142857,11.78564453125
DTHFPICIFCCGCCHRSKCGMCCRT,0.0007376956,0.99926233,25,1.2679999999999998,0.841,0.52,0.07300113807329908,31.2,37.760000000000005,7.67041015625
MKCKFCCNCRNLSGCGVCCDF,0.047850545,0.95214945,21,1.1099999999999997,0.911,0.5714285714285714,0.081334171702617,32.38095238095238,19.609523809523807,7.734619140625
GFMDTAKNAAKNVAVTLLDNLKCKITKAC,0.0063357903,0.9936642,29,0.937241379310345,2.679,0.5172413793103449,0.24278571009133534,91.03448275862068,10.841379310344827,9.6328125
CKIALPYTMRCRVLGKC,0.02001042,0.9799896,17,0.9358823529411766,3.525,0.5294117647058824,0.23697650635097278,91.76470588235293,1.323529411764707,9.6474609375
AAHGACHVRNGKHMCFCYF,0.0003328094,0.99966717,19,0.933157894736842,1.651,0.5263157894736842,0.21166027715826533,31.052631578947366,29.47894736842105,8.376953125
KKVVVKVKFK,0.037889477,0.9621105,10,0.861,4.987,0.5,0.23210701581199542,116.0,-28.769999999999996,11.27880859375
GFLDVIKDTAQNLFATVLDKIKCKVTKC,0.006222035,0.993778,28,0.8571428571428573,1.68,0.5,0.2781609850806681,107.85714285714283,-13.917857142857144,8.8701171875
LMDIFKVAVNKLLAAGMNKPRCKAAHC,0.016731268,0.98326874,27,0.5848148148148147,3.722,0.5925925925925926,0.1927395222902085,97.77777777777777,6.5851851851851855,10.2587890625
KKKKKKAAFAAFAAFAA,0.009841808,0.99015826,17,0.5811764705882354,5.986,0.6470588235294118,0.07652666308691715,47.05882352941176,9.411764705882353,11.3740234375
CGESCVYIPCFIPGCSCRNRVCYLNSAIA,0.022694955,0.977305,29,0.5686206896551727,0.062,0.5172413793103449,0.03720155993372658,80.68965517241378,30.64827586206897,7.43310546875
AVNIPFKVHFRCKSIFC,0.0027818193,0.9972182,17,0.5582352941176469,2.722,0.5882352941176471,0.2840120896848291,85.88235294117646,24.95882352941176,9.8720703125
GLMDIFKVAVNKLLAAGMNKPRCKAAHC,0.014934211,0.98506576,28,0.5303571428571427,3.722,0.5714285714285714,0.17439919756404673,94.28571428571428,6.707142857142857,10.2587890625
VIPFVASVAAEMMQHVYCAASKKR,0.016266093,0.9837339,24,0.4533333333333333,1.875,0.5833333333333334,0.23699163813105348,85.41666666666666,22.50833333333334,9.60693359375
KKKKKKAAFALWAAFAA,0.02272119,0.9772788,17,0.436470588235294,5.986,0.5882352941176471,0.10902093401443888,64.11764705882352,14.5,11.3740234375
GILDTLKQLGKAAAQSLLSKAACKLAKTC,0.0035513362,0.9964487,29,0.33620689655172414,3.679,0.5172413793103449,0.1347397183400656,114.82758620689654,37.858620689655176,10.15185546875
VASVAAEMMQHVYCAASKKC,0.011895948,0.98810405,20,0.3309999999999999,0.721,0.6,0.2879009179002514,68.5,0.52,8.091796875
FKAFKAFKAFKA,0.037581254,0.9624188,12,0.2533333333333333,3.987,0.6666666666666666,0.27478235441633353,33.33333333333333,-40.93333333333333,11.15673828125
FKAFKAFKAFKAFKAFKAFKAFKAFKAFKA,0.01120971,0.98879033,30,0.25333333333333324,9.984,0.6666666666666666,0.10991294176653343,33.33333333333333,-40.43333333333333,11.626953125
GIPCGESCVFIPCITAAIGCSCKSKVCYRN,0.0039417944,0.9960582,30,0.25066666666666665,1.063,0.5,0.06756291279047903,78.0,18.663333333333334,7.827392578125
GICYCICGKGICRCICGR,0.00024563816,0.9997543,18,0.2450000000000001,2.063,0.5555555555555556,0.1163890171569598,86.66666666666666,-9.422222222222222,8.12109375
SMFSVLKDLGKVGLGFVACKVNKQC,0.033606328,0.96639365,25,0.13920000000000002,2.68,0.52,0.21205327480710123,97.19999999999999,26.108,9.693359375
ALWKSLLKNVGVAAGKAALNAVTDMVNQ,0.03650454,0.9634955,28,0.1264285714285714,1.988,0.5357142857142857,0.19440632178092615,118.57142857142856,3.278571428571426,10.421875
GLLDVVKGAAKNLLASALDKLKCKVTGC,0.031463407,0.9685366,28,0.12642857142857136,2.679,0.5357142857142857,0.21033390827292303,128.92857142857142,-15.642857142857144,9.6328125
KKKKFVAATYVLV,0.007263966,0.99273604,13,0.09769230769230773,3.986,0.5384615384615384,0.09790154513961265,112.3076923076923,9.230769230769232,10.7646484375
KKKKVLAATYVFV,0.01850636,0.98149365,13,0.09769230769230759,3.986,0.5384615384615384,0.09580793922528516,112.3076923076923,2.7,10.7646484375
KKKKLVAATYVLF,0.04972469,0.9502753,13,0.030000000000000214,3.986,0.5384615384615384,0.0987573555569666,120.0,2.7,10.7646484375
CVKVKVKVGSGVKVKVKVC,0.011891936,0.98810804,19,-0.003157894736842213,5.679,0.5263157894736842,0.21303404124005498,122.10526315789473,-34.86842105263158,10.685302734375
KKKKVVAATYFLVA,0.013454211,0.9865458,14,-0.03857142857142854,3.986,0.5714285714285714,0.056147504247715044,111.42857142857142,3.2214285714285715,10.7646484375
KKKKVVAATYLLV,0.0028912956,0.99710864,13,-0.051538461538461464,3.986,0.5384615384615384,0.09233691129411704,142.30769230769232,2.7,10.7646484375
KKKKVVFATYVLV,0.006643216,0.9933568,13,-0.07384615384615384,3.986,0.5384615384615384,0.05537945063855551,126.92307692307692,2.7,10.7646484375
KKKKVVAATYVLVA,0.0061846124,0.9938154,14,-0.11428571428571417,3.986,0.5714285714285714,0.06300724738773153,132.14285714285714,3.2214285714285715,10.7646484375
TSKKPLLLFFFLGTINLSLCEQ,0.041535653,0.9584644,22,-0.16227272727272724,0.835,0.5,0.11783090076660323,124.09090909090908,11.013636363636364,8.728515625
VIPFVASVAAEMMQHVYCAASKKC,0.009243552,0.99075645,24,-0.22166666666666668,0.721,0.625,0.26110329536389804,85.41666666666666,8.925000000000002,8.091796875
GAFGNLLKGVAKKAGLKILSIAQCKLSGTC,0.0005768657,0.9994231,30,-0.22199999999999998,4.679,0.5,0.18754200732778853,114.0,-9.066666666666666,10.52099609375
KKKKVVLATYVLV,0.014400711,0.9855992,13,-0.22307692307692298,3.986,0.5384615384615384,0.0610254454613225,156.9230769230769,2.7,10.7646484375
KKKKVVAATLVFV,0.011115307,0.9888847,13,-0.22384615384615383,3.987,0.6153846153846154,0.10695737942076183,134.6153846153846,2.7,11.15673828125
KKKKVVAATFVLV,0.0038972711,0.9961027,13,-0.22384615384615386,3.987,0.6153846153846154,0.11250559916993957,134.6153846153846,12.192307692307693,11.15673828125
IPCGESCVWIPCITAIAGCSCKNKVCYT,0.003539394,0.9964606,28,-0.23714285714285716,0.063,0.5,0.016111803974935758,83.57142857142856,29.371428571428574,7.43359375
KKAAAAFAAFAAWFAAFAAAAKKKK,0.007583946,0.992416,25,-0.2515999999999999,5.986,0.72,0.1630113145040008,56.00000000000001,9.600000000000001,11.3740234375
FFPNVASVPGQVLLKKIFCAISKKC,0.0010431065,0.9989569,25,-0.2672,3.68,0.56,0.1604166703565539,105.19999999999999,15.200000000000001,10.26513671875
KKKKVLLATYVLV,0.026617311,0.9733827,13,-0.2907692307692307,3.986,0.5384615384615384,0.0610254454613225,164.6153846153846,2.7,10.7646484375
KKKKVVAATLFLV,0.0042720386,0.99572796,13,-0.2915384615384615,3.987,0.6153846153846154,0.10116084135560068,142.30769230769232,2.7,11.15673828125
KKKKVVAAFYFLV,0.0037261148,0.9962739,13,-0.32923076923076927,3.986,0.6153846153846154,0.18096491457332206,112.3076923076923,27.777692307692305,10.7646484375
GICICICGRGICYCICGR,0.0007274699,0.99927247,18,-0.33666666666666667,1.064,0.6111111111111112,0.06333333333333327,108.33333333333333,-4.705555555555556,7.828125
KKKMVLGVFALLSLISGSLKK,0.047237597,0.9527624,21,-0.4128571428571429,4.987,0.5238095238095238,0.2636367276804488,143.8095238095238,21.004761904761903,11.27880859375
FLPVAGVAAEMQHVFCAISKKC,0.0029008272,0.9970992,22,-0.4318181818181817,0.723,0.6363636363636364,0.25036147775385387,93.18181818181819,23.62727272727273,8.099609375
GIGGALLSAAKVGLKGLAKGLAEHFAN,0.021668464,0.9783315,27,-0.5511111111111111,2.03,0.5185185185185185,0.2500099159225974,119.62962962962962,-14.444444444444443,10.421875
KKKKVVAALYVLV,0.0038130996,0.9961869,13,-0.56,3.986,0.6153846153846154,0.18060608535740513,164.6153846153846,2.7,10.7646484375
GIGGVLLSAGKAALKGLVKVLAEKYVN,0.016299313,0.98370075,27,-0.6825925925925923,2.986,0.5185185185185185,0.19652785936413916,144.44444444444443,-2.5888888888888895,10.408447265625
GIFFALLSAAKVGLKGLAKGLAEHFAN,0.03695045,0.9630496,27,-0.7022222222222223,2.03,0.5925925925925926,0.2583433140978223,119.62962962962962,-15.87037037037037,10.421875
GLFKVLGSVAKHLLPHVVPVIAEK,0.032119945,0.96788013,24,-0.7124999999999999,2.072,0.5416666666666666,0.293753432081799,150.0,23.858333333333338,10.42236328125
ALLHHGLNCAKGVLAALLHHGLNCAKGVLA,0.03057149,0.9694285,30,-0.72,1.848,0.6,0.2663397492460898,143.33333333333331,-4.826666666666665,8.91796875
KKKKVLLPFLFVF,0.027224565,0.9727754,13,-0.7369230769230769,3.987,0.6153846153846154,0.19333652165737505,134.6153846153846,32.330769230769235,11.15673828125
KKKKVLLPFLFFV,0.04059489,0.9594051,13,-0.7369230769230769,3.987,0.6153846153846154,0.18442720729047057,134.6153846153846,32.330769230769235,11.15673828125
GIIKKIIIKKIIIKKIIIKKI,5.507675e-06,0.9999945,21,-0.7419047619047621,7.985,0.5714285714285714,0.22715295714449915,222.85714285714283,-26.861904761904764,11.5185546875
GLFKVLGSVAKHLLPHVAPIIAEKL,0.048778817,0.95122117,25,-0.8267999999999998,2.072,0.56,0.2975774740110073,156.0,12.204,10.42236328125
GLFGILGSVAKHVLPHVVPVIAEHS,0.033413086,0.9665869,25,-0.8432,0.115,0.52,0.25383743117334634,144.0,34.004000000000005,7.9453125
FIGASALKVLAGVLPSVISWVKLGRILQ,0.014385195,0.98561484,28,-0.975714285714286,2.989,0.5714285714285714,0.22590861257166675,163.57142857142856,25.73214285714286,11.572265625
GLLSVLGSVAKHVLPHVVPVIAEKL,0.013234263,0.98676574,25,-1.0091999999999999,1.073,0.56,0.24737186203243033,171.2,29.31600000000001,9.83984375
TMKKSLLLLFVLGTINLSLC,0.009942607,0.99005735,20,-1.0635,1.835,0.6,0.09706620575529495,170.5,5.255,9.859375
KWKLFKKIGIGAVLKVLTTGLIALIS,0.0032670486,0.99673295,26,-1.07,4.987,0.5384615384615384,0.10693163589207176,165.00000000000003,-19.02307692307693,11.27880859375
LLAGLAANFLPTIICKISYKC,0.00051951874,0.9994805,21,-1.0714285714285712,1.679,0.6190476190476191,0.20810201933572114,144.28571428571425,7.495238095238097,8.8623046875
VNPIILGVLPKFVCLITKKC,0.035077106,0.9649229,20,-1.1130000000000002,2.68,0.6,0.2908305718046056,160.5,36.95,9.76953125
GLIGSIGKALGGLLVDVLKPKL,0.03926058,0.9607395,22,-1.1445454545454548,1.988,0.5,0.2708316824103982,172.72727272727272,-6.681818181818181,10.421875
FFGPLIKIATGVLPNLICKALGKC,0.008217288,0.9917827,24,-1.149166666666667,2.68,0.5833333333333334,0.24239205335001146,134.16666666666666,3.458333333333334,9.76953125
TLKKSMILLFFLGTISLSLC,0.027085897,0.9729141,20,-1.1725,1.835,0.6,0.12105576603967716,156.0,10.64,9.859375
GLLSVLLGSVAKHVLPHVVPVIAEHL,0.01869519,0.9813048,26,-1.1938461538461538,0.115,0.5769230769230769,0.17676163317696164,179.6153846153846,28.938461538461542,7.9453125
FTMKKSLLLIFFLGTISLSLC,0.008536305,0.99146366,21,-1.258571428571429,1.835,0.6190476190476191,0.0765374653812969,148.57142857142856,5.48095238095238,9.859375
FLPLLAGLAANFLPTIICKISYKC,0.0006861753,0.99931383,24,-1.266666666666667,1.679,0.625,0.21076749332479502,142.5,15.833333333333337,8.8623046875
FLPILAGLAAKIVPKLFCLATKKC,0.006496597,0.9935034,24,-1.2670833333333333,3.68,0.6666666666666666,0.28246490481383096,142.5,31.070833333333333,10.26513671875
FLPILASLAATLGPKLLCLITKKC,0.02392517,0.9760748,24,-1.2916666666666672,2.68,0.625,0.2510601413846647,158.75,30.120833333333337,9.76953125
TLKKSLLLIFFLGTISLSLC,0.025943287,0.9740567,20,-1.3010000000000006,1.835,0.6,0.15688632161079413,175.5,1.0099999999999998,9.859375
PLKKSMLLLFFLGTISLSLC,0.035562526,0.9644375,20,-1.3010000000000006,1.835,0.6,0.1404207173534477,156.0,1.0099999999999998,9.859375
FLPLIAGVAASILPKIFCFITKKC,0.00089279824,0.9991072,24,-1.4054166666666668,2.68,0.6666666666666666,0.2900175554886434,138.33333333333331,30.120833333333337,9.76953125
FLPLVLGALSGILPKILGK,0.03234073,0.9676593,19,-1.9215789473684213,1.989,0.5789473684210527,0.25912118375659826,184.73684210526312,32.14736842105263,10.708984375
